Model,Accuracy,AUC_Score,CV_Mean,CV_Std
Logistic Regression,0.8491620111731844,0.8745718050065876,0.8104599625726386,0.022492445882414162
Random Forest,0.8268156424581006,0.8296442687747035,0.7964542499753767,0.038882002404393705
SVM,0.8324022346368715,0.8417654808959157,0.8272530286614794,0.01959369281751929
Gradient Boosting,0.8268156424581006,0.8453886693017127,0.8174825174825175,0.022525523460729755
